{
    "UNFINISHED_comp23_4_mini_benchmark_duplicate": {
        "Accuracy": 0.2357142130533854,
        "Background Precision": 0.21280859948800807,
        "Background Recall": 0.331778142729164,
        "Background Specificity": 0.7106629071673477,
        "Background F1 Score": 0.25929841887438954,
        "Background IoU": 0.14896202034662584,
        "Background Dice Coefficient": 0.2592984236357718,
        "Lane Lines Precision": 0.021243843840963183,
        "Lane Lines Recall": 0.22201062443614766,
        "Lane Lines Specificity": 0.7880760388999488,
        "Lane Lines F1 Score": 0.03877716102051334,
        "Lane Lines IoU": 0.019771930999084603,
        "Lane Lines Dice Coefficient": 0.0387771626146128,
        "Drivable Area Precision": 0.6775759907048375,
        "Drivable Area Recall": 0.19791096715310058,
        "Drivable Area Specificity": 0.8164235772028313,
        "Drivable Area F1 Score": 0.30634315429781367,
        "Drivable Area IoU": 0.18087675741825548,
        "Drivable Area Dice Coefficient": 0.3063431577969328,
        "Cones Precision": 0.12476953441676174,
        "Cones Recall": 0.28991261013149056,
        "Cones Specificity": 0.7015163472345884,
        "Cones F1 Score": 0.17445776718826825,
        "Cones IoU": 0.0955649059559884,
        "Cones Dice Coefficient": 0.1744577713952942,
        "Mean IoU": 0.11129390367998859,
        "Mean Dice Coefficient": 0.1947191288606529
    },
    "UNFINISHED_comp23_4_mini_benchmark": {
        "Accuracy": 0.2357142130533854,
        "Background Precision": 0.21280859948800807,
        "Background Recall": 0.331778142729164,
        "Background Specificity": 0.7106629071673477,
        "Background F1 Score": 0.25929841887438954,
        "Background IoU": 0.14896202034662584,
        "Background Dice Coefficient": 0.2592984236357718,
        "Lane Lines Precision": 0.021243843840963183,
        "Lane Lines Recall": 0.22201062443614766,
        "Lane Lines Specificity": 0.7880760388999488,
        "Lane Lines F1 Score": 0.03877716102051334,
        "Lane Lines IoU": 0.019771930999084603,
        "Lane Lines Dice Coefficient": 0.0387771626146128,
        "Drivable Area Precision": 0.6775759907048375,
        "Drivable Area Recall": 0.19791096715310058,
        "Drivable Area Specificity": 0.8164235772028313,
        "Drivable Area F1 Score": 0.30634315429781367,
        "Drivable Area IoU": 0.18087675741825548,
        "Drivable Area Dice Coefficient": 0.3063431577969328,
        "Cones Precision": 0.12476953441676174,
        "Cones Recall": 0.28991261013149056,
        "Cones Specificity": 0.7015163472345884,
        "Cones F1 Score": 0.17445776718826825,
        "Cones IoU": 0.0955649059559884,
        "Cones Dice Coefficient": 0.1744577713952942,
        "Mean IoU": 0.11129390367998859,
        "Mean Dice Coefficient": 0.1947191288606529
    },
    "comp24_walkthrough": {
        "Accuracy": 0.23129827325994318,
        "Background Precision": 0.4534694985537877,
        "Background Recall": 0.24197884334706202,
        "Background Specificity": 0.7486982204206132,
        "Background F1 Score": 0.3155662802371901,
        "Background IoU": 0.18734265523330096,
        "Background Dice Coefficient": 0.3155662847747856,
        "Lane Lines Precision": 0.03060842536009984,
        "Lane Lines Recall": 0.23651009919922378,
        "Lane Lines Specificity": 0.7504630198113061,
        "Lane Lines F1 Score": 0.054202167065584256,
        "Lane Lines IoU": 0.02785601270277407,
        "Lane Lines Dice Coefficient": 0.054202169094727505,
        "Drivable Area Precision": 0.48577173298627563,
        "Drivable Area Recall": 0.2142343965681122,
        "Drivable Area Specificity": 0.8019551960465277,
        "Drivable Area F1 Score": 0.2973374323614061,
        "Drivable Area IoU": 0.1746308652120019,
        "Drivable Area Dice Coefficient": 0.2973374366090471,
        "Cones Precision": 0.03956199642661151,
        "Cones Recall": 0.30470736647736235,
        "Cones Specificity": 0.7019535891695331,
        "Cones F1 Score": 0.07003139223251227,
        "Cones IoU": 0.0362862867606636,
        "Cones Dice Coefficient": 0.07003139426671605,
        "Mean IoU": 0.10652895497718513,
        "Mean Dice Coefficient": 0.18428432118631907
    }
}